Stage	Objection	Solution 1	Solution 2	Solution 3	Solution 4	Solution 5	Solution 6	Solution 7	Solution 8
Stage 1 KO STRANKA RAZISKUJE	Trust issue, komu zaupati	Video testimonials od strank	20 years of experience... (numbers of trips organized, customers,..)	"Why Goolets" section or video on website / landing page	Show the human behind the brand... Brokers intro videos	Is this legit? How can a yacht this size be half the price of others?” sekcija na LP.. razložimo			
Stage 1 KO STRANKA RAZISKUJE	Paraliza pred odločanjem	PARALIZA PRED IZBIRO NAŠIH JAHT: Top 5 Picks for Families/Groups/Corporate Clients,... Curated, trusted shortlist with clear pricing and perks.	PARALIZA PRED IZBIRO AGENCIJE: Realni testimoniali, kjer stranka pove: "Zato sem izbral Goolets, ne XY" ; “Behind the scenes” video: kako dela Goolets ekipa ;  "“We’re not brokers. We’re trip architects.” - Reframe: “Če iščete samo posrednika, nas verjetno ne potrebujete. Če pa iščete tim, ki bo poskrbel, da vaša jahta ni samo lepa – ampak, da bo vaš dopust nepozaben… smo tukaj.”" ; "“We’re not brokers. We’re trip architects.” - Reframe: “Če iščete samo posrednika, nas verjetno ne potrebujete. Če pa iščete tim, ki bo poskrbel, da vaša jahta ni samo lepa – ampak, da bo vaš dopust nepozaben… smo tukaj.”"						
Stage 1 KO STRANKA RAZISKUJE	Kaj je fora z različnimi tipi jaht	Yacht Type Icons — Add to every listing: shows if it’s a gulet, classic motor yacht, explorer yacht, etc.	Visual Explainer Video: "Types of Yachts Explained in 90 Seconds"	Storytelling blok: “Zakaj je ta skupina izbrala gulet, ne superjahte?” in obratno...					
Stage 1 KO STRANKA RAZISKUJE	Is this really a yacht	“Superyacht vs Smart Yacht” Side-by-Side Video — Visually explains what makes a Goolets yacht special (chef, crew, jacuzzis, etc.).	Price/Value Breakdown — “This yacht: €80K. Traditional superyacht: €250K. What you really lose vs what you keep.”	Luxury Details Checklist on Every Yacht	“Smart Yachting Explained” Real yachts. Real luxury. Just smarter.				
Stage 1 KO STRANKA RAZISKUJE	Varnost destinacije	Highlight: Croatia is in EU, safe waters, stable government, English-speaking crews.	Hrvaška je tudi statistično ena najbolj varnih držav						
Stage 1 KO STRANKA RAZISKUJE	Isn't ready yet/curious	Remove “route anxiety” - Interactive Route Finder (web &amp; mobile) - Map with 5–7 proven Croatia / Greece / Turkey loops; show distance, signature bays, sample daily schedule; gate extended PDF with email.	Close knowledge gap - “Smart Yachting 101” micro-series (social media, blog) “Superyacht vs. Smart Yachting”, “How far can we sail daily?” / Hidden Yacht Destinations Most Brokers Won&#39;t Tell You About (Blog series/video content)	Social proof - videos 60-sec Destination Walkthroughs / Client Route Stories - Case studies of amazing yacht trips Goolets planned / Routes Our Clients Love	- Showcase successful trips without being salesy.	Lower commitment to chat - “Ask the Broker” WhatsApp widget / Rotate 3 FAQs weekly based on site-search terms so button feels proactive (“Yes, route-changes mid-week are possible—tap to ask how”).	Capture light intent - Itinerary Quiz (“Which route fits your group?”) / Typeform or on-site; feed answers straight into HubSpot for segmented nurture. Offer instant PDF + promise of a custom proposal within 24 h.	Retarget browsing traffic - Dynamic Route-Preview Ads (P-Max + Meta) / Sync product feed with route images; copy: “Your Dalmatian loop is still open for Aug ‘26, see the yacht options.”	
Stage 1 KO STRANKA RAZISKUJE	Reviews related objections	Surface trust quickly - Trust Wall on site header &amp; yacht pages / Pull live	Google ★★★★☆ badge, Trustpilot feed, and press logos into a sticky strip visible on scroll.	Make reviews relevant - relevant Filterable Review Hub (“Show me families of 10 in Croatia”) / Tag reviews by group type, route, season, budget. Include a “See itinerary” button that gates a PDF with email.	Prove authenticity - 3rd-Party Verified Badges / Link each review to its original Google / Facebook source; highlight date &amp; booking ID.	Multiply touchpoints - Video Testimonial Playlist (Reels, YT Shorts, LinkedIn) / 30–60 s clips: hook + pain solved + one surprising perk. Organise into playlists by route.	Build continual credibility - Public Responses to Every Review / Dedicated CX lead replies within 24 h; pin insightful replies in carousel posts.		
Stage 1 KO STRANKA RAZISKUJE	Too cheap	Anchor price perceptions - “Superyacht vs Smart-Yachting” Comparator (site; carousel / 2-column table: length, crew-to-guest ratio, toy list, cost pp; autoplay explainer reel on scroll.	De-risk low price - Transparent Cost-Per-Person Calculator / Pre-filled examples: “€90 000 ÷ 30 guests = €3 000 pp – same as a boutique hotel.” (exact Goolets blog stat).	Third-party proof - Press &amp; Accreditation Strip / Combine Forbes, CNN, Yacht Charter Fleet mentions + MYBA membership badge.	Boost quality cues - HD “Spec Sheets” &amp; 360° Tours gated by email / Include build year, refit date, chef pedigree, crew bios, maintenance logs.				
Stage 1 KO STRANKA RAZISKUJE	Who is the expert? Who can I ask?	Put a face to the brand - “Meet Your Broker” Hub – profile cards for every Goolets charter advisor (photo, languages, past charters, press quotes). / Add Calendly “15-min Route Clinic” button on each card; show their personal WhatsApp QR	Instant access to expertise - 1-to-1 Live Video Advisor Chat on yacht route pages / Float button only after 45 s on page (reduces spam); advisors use gimbals on board for live cabin walk-throughs.	Third-party endorsement - Verified Expert Badges (MYBA membership, RYA Yachtmaster, Michelin-trained chef credentials for staff) / Display under each expert’s name; link out to certification body.	Multi-channel outreach - Route-Specific Expert Email Series (“Your Croatia Advisor: Tajda”) / Use dynamic content to swap advisor based on the route the user viewed most	Low-friction Q&A - Smart-Yachting Live Chat (text) with escalation path to human / Train bot on FAQ; surface “Talk to Ana (Croatia specialist)” when bot confidence &lt; 0.6 confidence <0.6			
Stage 1 KO STRANKA RAZISKUJE	Is it better than a hotel or villa?	Anchor relative value - Hotel / Villa vs. Yacht + Cost-Per-Person Calculator / Auto-populate with three examples (family of 12, corporate 24, milestone 30). Gate full XLS with email.	Showcase mobile resort - Interactive “Floating-Resort” Tour (site + Instagram guide) / 360° hotspots labelled “gym”, “hammam”, “jacuzzi”. Overlay “Try this in a villa? → can’t” captions.	Highlight privacy & control - Dynamic Itinerary Mock-Ups (Shows four bays in one day vs. being tied to one postcode.) / Add comparison row: “Neighbours at breakfast? 0 vs. 200 rooms surrounding you.”	Social proof side-by-side - Split-Screen Testimonial Reels (guest describing last villa vs. yacht week) / End with price overlay + “Ask for their exact route.”	Reinforce exclusivity - “Your Group Only” Badge on every yacht page / Repeat badge in retarget ads to brand the benefit.			
Stage 1 KO STRANKA RAZISKUJE	Looks like a cruise liner	Visually re-size the experience - “Scale Slider” widget – drag to compare Goolets yacht (10 suites) vs. 3 000-cabins cruise ship. / Place above the fold on all vessel pages; auto-plays for mobile scrollers after 40 % viewport	Own the narrative - “Private Charter” Shield on every hero image / Include group-icon + text “Only your 8–30 guests on board”	Unpack differences - Yacht vs. Cruise Comparison Table (crew ratio, itinerary freedom, berth fees, privacy, environmental footprint) / Gate downloadable PDF with e-mail; brokers auto-send after first call.	Show intimacy - Cabin-count + Crew-ratio Overlay on gallery photos / Render as subtle watermark so it appears on every social share.				
Stage 1 KO STRANKA RAZISKUJE	When can I go?	Surface dates instantly - Live “Next-Open Week” Banner on every yacht page / Pull data from booking engine; auto-update daily; red highlight when >3 weeks remain.	Clarify seasons - Interactive Route-by-Season Map (“Where’s perfect in…?”) / Colour-code High / Shoulder / Low; hover shows temp, sea state, crowd level; cite sources.	Offer decision aid - 60-sec “When Should I Go?” Quiz / Questions: group type, preferred temp, crowd tolerance → outputs 3 ideal weeks + yacht matches.	Educational videos - Explainer based on experience until now, when is the best time, Tips to secure the best deal (how upfront should I book)	Blog posts - When to visit Croatia, Italy, the Caribbean..	Promote shoulder value - “Smart Shoulder” Badges on route pages (Highlights May/June &amp; Sept/Oct benefits (warm seas, lower rates, fewer crowds). / Add price-per-person overlay (“Save up to 20 % in September”).	Show booking lead time - Dynamic “Availability Meter” (text: “Peak July slots book 12 months ahead”) / Data snippets drawn from historical Goolets bookings + industry stats.	
Stage 1 KO STRANKA RAZISKUJE	Our brand name "Goolets"	Clarify instantly: Add a tagline like “Goolets – Bringing Yachting to a Wider Audience/Yachting closer withing reach/,etc., everywhere the name appears.							
Stage 1 KO STRANKA RAZISKUJE		Establish credibility quickly: Use strong social proof above the fold — &quot;Over 20 years in luxury yachting, 2,000+ successful voyages, 98% satisfaction.&quot;							
Stage 1 KO STRANKA RAZISKUJE		Showcase media features (if applicable): “As seen in Forbes / Business Insider” etc., builds instant legitimacy.							
Stage 1 KO STRANKA RAZISKUJE									
Stage 1 KO STRANKA RAZISKUJE	What does Smart Yachting mean?	Pain Point: The term is unclear. People may assume it’s a gimmick, tech-focused, or just marketing fluff. Solution: Define it clearly and simply: Smart Yachting = curated, cost-efficient luxury yacht experiences that feel like superyacht charters – without the superyacht price tag. Core message pillars: - Optimized vessels – Handpicked gulets, mini cruisers, and motor yachts that offer 80–90% of a superyacht experience at 30–50% the cost. - Streamlined booking – We do the hard work for you. Fast matching, concierge service, and no endless back-and-forth. - Curated local itineraries – Insider access to the best of Croatia and Turkey: hidden bays, trusted crews, and unique experiences. Add contrast with traditional chartering: Unlike traditional yacht charters where you pay a premium for brand names and inflated broker fees, Smart Yachting is about value, personalization, and local expertise. Make it tangible with real examples: “A family of 10 booked a 7-day Croatia itinerary with a Smart Yacht for €25K — the same experience on a traditional charter would’ve cost €40K+. Same Adriatic views. Same luxury. Smarter choice.”							
Stage 1 KO STRANKA RAZISKUJE									
Stage 1 KO STRANKA RAZISKUJE	Why are your Smart Yacht Charters only in Croatia and Turkey?	Reframe it as a strategic focus, not a limitation: “We specialize in Croatia and Turkey because these are the two best-value luxury yacht destinations in the world. Our deep local relationships let us offer better vessels, pricing, and service than anyone else.”	Show the advantage of local expertise: “Instead of stretching globally and sacrificing quality, we go deep - hand- picking every vessel, crew, and custom design each itinerary to deliver the best yachting experience possible.”	Plant future expansion subtly (if true): “Smart Yacht Charters are expanding soon to other destinations - but we’re starting where we can guarantee unmatched quality and value.”	Comparison-based trust builder: “Most global yacht providers dabble in Croatia and Turkey. We dominate here “Most global yacht providers dabble in Croatia and Turkey. We dominate here - and that’s why our clients get better value.”				
Stage 1 KO STRANKA RAZISKUJE									
Stage 1 KO STRANKA RAZISKUJE	The booking process feels too complicated and unclear	Pain Point: I’m not sure what happens after I fill this out – it feels unclear and maybe too much hassle” 1. Clearly Explain the Booking Process Upfront Add a simple headline or section before the form: “How it Works”  Step 1: Tell us your group size, dates &amp; preferences  Step 2: Our yacht expert sends you 3 curated options (within 24h)  Step 3: You confirm, and we handle the rest  Key phrase: “No commitment. No spam. Just personalized help.” 2. Set Expectations Visually Add a 3-step graphic or icons right above or next to the inquiry form — to instantly reduce friction. People feel better when they know what’s coming. 3. Reframe the Form as a Time-Saver “Don’t waste hours browsing 100+ yachts — our experts will send you the 3 best options for your trip.” This switches the form from a task to a benefit. 4. Add Trust Signals Near the Form - “Over 2,000 trips arranged since 2005” - “Local experts in Croatia &amp; Turkey” - “100% custom itinerary planning included” - Client reviews or 5-star rating from Google/Trustpilot 5. Optional: Add a “See Example” Button Let people preview a real or mock charter proposal sent to a past client — builds clarity and desire. “See what you’ll receive after submitting the form”							
Stage 1 KO STRANKA RAZISKUJE									
Stage 1 KO STRANKA RAZISKUJE	Is it a yacht or a sailing boat?	Education with clarity: Quick explainer like “Yachts vs. Gulets vs. Sailing Motor Yachts” with pictures.	Use categories on the site: “Motor Yachts,” “Luxury Gulets,” “Modern Sailing Yachts” — clearly segmented.	Interactive filters: Help them self-select by group size, experience level, or vessel type.					
Stage 1 KO STRANKA RAZISKUJE									
Stage 1 KO STRANKA RAZISKUJE	I already have a broker/booking agent at a different company	Comparison pitch: “Already working with someone? Here’s why savvy clients explore Goolets too.”	- More selection in Croatia/Turkey	- Transparent pricing	- Exclusive smart yacht fleet	Incentive to compare: “Send us your current quote — we’ll beat or match it, with better service/yacht,etc...”	Position as an addition, not replacement: “You don’t need to cancel — just compare.”		
Stage 1 KO STRANKA RAZISKUJE									
Stage 1 KO STRANKA RAZISKUJE	Because our charters are cheaper, they think it's too good to be TRUE	Reframe the pricing: “Luxury made efficient — Smart Yachts cut waste, not experience.”	- Show real examples: “Here’s what $25K gets you with Goolets vs. the market average.”	- Testimonials that speak to this: Clients who also thought it was “too good to be true” — until they sailed.	- Offer guarantees: “Verified vessels. Guaranteed standards. Risk-free inquiry.” 				
Stage 1 KO STRANKA RAZISKUJE									
Stage 1 KO STRANKA RAZISKUJE	There are a lot of vessels in our fleet	Curated recommendations: “Tell us your group size and budget – we’ll shortlist your perfect 3 yachts.”	Top-rated / featured categories: “Best for Families,” “Luxury on a Budget,” “Most Booked in 2024.”	Use AI-driven or concierge selection: Make people feel personally matched, not just browsing.	- Exit-intent popups with trust builders: “97% of clients say they&#39;d book with Goolets again – see why.”	- Mini video case studies: Real travelers talking about their experience (esp. skeptical ones).	- Live chat with a real expert, not a bot: Reduce friction and build trust immediately.		
Stage 1 KO STRANKA RAZISKUJE									
Stage 1 KO STRANKA RAZISKUJE	AI nas ne najde, priljubljenost spljek	AI-optimizirana struktura vsebine (AIO): Prilagodimo vsebine na spletni strani tako, da jih AI lažje razume in predlaga – uporabljamo FAQ format, strukturirane odgovore in schema markup.	Vsebina, ki odgovarja na AI vprašanja: Ustvarjamo članke, ki ciljajo na vprašanja, ki jih uporabniki postavljajo AI-jem (npr. »Best yacht charters in Croatia«), in v njih pozicioniramo Goolets kot idealno izbiro.	Zgradimo prisotnost na virih, ki jih AI črpa: Aktivno gradimo prisotnost Goolets na spletnih straneh z visokim zaupanjem (Forbes, Medium, Reddit, Boat International ipd.), ki jih AI pogosto navaja.	Eksperimentiranje s plačljivimi AI viri: Raziščemo možnost promoviranja Goolets znotraj AI iskalnikov, ki omogočajo sponzorirane ali priporočene odgovore (npr. Perplexity, You.com).	Spremljanje AI izpisov in prilagajanje vsebin: Redno preverjamo, kako AI odgovarja na ključna vprašanja glede yacht charterja, in nato temu prilagajamo content strategijo, da nas začne vključevati v rezultate.			
Stage 1 KO STRANKA RAZISKUJE									
Stage 1 KO STRANKA RAZISKUJE	Too expensive	Pojasnimo razliko v vrednosti, ne samo v ceni	Dodamo konkretne primere primerjave (Value Breakdown)	Uporabimo primerjave iz preteklih gostov	Dodamo občutek ekskluzivnosti in omejene razpoložljivosti	Nudimo prilagoditve glede na proračun (če smiselno)			
Stage 1 KO STRANKA RAZISKUJE									
Stage 1 KO STRANKA RAZISKUJE	Vsi ponujajo isto	Poudarimo, da je jahta le 50 % izkušnje – druga polovica je broker in posadka	"Jahto lahko res najde več ponudnikov, ampak razlika je v tem, kako bo potekala izkušnja. Mi osebno poznamo kapitana, kuharja, njihove prednosti, kako delujejo z otroki, s skupinami, z VIP-ji... To je ključno."	Pokažemo naše edinstvene notranje informacije in dostop Goolets ima dostop do internih informacij, ki jih drugi nimajo: - Vemo, katere jahte imajo najbolj fleksibilne pogoje - Katera posadka se je menjala - Kdo ima najboljšo hrano - Kdo je letos dobil slabe ocene (in zakaj)	To pomeni, da stranki ne damo samo jahte, ampak pravo izkušnjo brez tveganja.	Uporabimo pristop "concierge vs posrednik" “Večina brokerjev samo posreduje jahto. Mi delujemo kot concierge – vodimo vas skozi celoten proces – od izbire idealne jahte, prilagoditev menijev, itinerarja, transporta, posebnih zahtev, celo do izbire vina ali organizacije rojstnega dne. To ni enako.”	Dodamo družbeni dokaz (social proof) “Večina naših gostov nam pove isto stvar – da so mislili, da vsi ponujajo isto… dokler niso doživeli razlike z Goolets. 80 % naših strank se vrne ali nas priporoči naprej.”	Izpostavimo ekskluzivne jahte ali dostop “Ta jahta je na voljo samo pri nas / imamo z njo ekskluzivno partnerstvo. Drugi vam jo lahko pokažejo, a ne morejo garantirati izkušnje ali termina.”	
Stage 1 KO STRANKA RAZISKUJE									
Stage 1 KO STRANKA RAZISKUJE	Uporabniška izkušnja	Načrtujemo izboljšave in testiranja UX z uporabniki (nova spletna stran)	Non stop testiranje razne pod strani in preverit kakšna je UX in UI tam 	Redno optimizirat spletna stran za mobile in hitrost					
Stage 1 KO STRANKA RAZISKUJE									
Stage 1 KO STRANKA RAZISKUJE	Strah pred nepoznavanjem yachtinga	Izobraževalne vsebine, ki poenostavijo kompleksnost yachtinga	Personalizirano svetovanje in podpora: Naši charter svetovalci so na voljo za vse vprašanja, tudi najbolj osnovna – od izbire jahte, do poti, do kaj pričakovati na krovu. Tako se stranka počuti varno in podprto.	Interaktivni kvizi in orodja za izbiro jahte: Na spletni strani imamo kviz ‘Katera jachta je prava zate?’ ali ‘Izberi svojo pot’, ki s preprostimi vprašanji vodi uporabnika do najbolj primerne ponudbe.	Pristop ‘trip architects’, ne samo brokerjev: Poudarimo, da smo tukaj, da oblikujemo celoten dopust, ne samo prodajamo plovilo. Pomagamo od prvega koraka, da je stranka sproščena in samozavestna pri odločitvah.	Deljenje resničnih zgodb in izkušenj: Objavljamo video izjave in case study-je zadovoljnih strank, ki so bili začetniki, a so z nami odkrili vse čare yachtinga brez skrbi.			
Stage 1 KO STRANKA RAZISKUJE									
Stage 1 KO STRANKA RAZISKUJE	Sea sickness	Izobraževalni materiali o destinacije (hrvaška ima 1200 otokov vedno se najda bolj mirna voda in skoraj nikoli nimamo odprta morja)	Izorbraževanje o yachting na splošno, kaj počneš, kaj lahko doživiš na jahto, kak dolgo imamo cruising vsak dan...	Prelagojena ruta in program	Ponudimo primerne jahte z primerne posadke				
Stage 1 KO STRANKA RAZISKUJE									
Stage 1 KO STRANKA RAZISKUJE	Varnost destinacije (Hrvaška)	Highlight: Croatia is in EU, safe waters, stable government, English-speaking crews.	Hrvaška je tudi statistično ena najbolj varnih držav						
Stage 2 KO ŽE POZNA GOOLETS (že prejme ponudbo)	A sem res dobil all inclusive / all exclusive?	Yes, everything is clearly outlined with no hidden costs. Each yacht has mandatory extras, which vary depending on the type of yacht.	Some yachts, especially gulets and a few motor yachts, use fixed packages for food, drinks, and port fees. Others, particularly luxury motor yachts, usually operate under APA (Advance Provisioning Allowance) and VAT added on top of the charter price.	The only optional cost is the crew gratuity, which is entirely based on your satisfaction and typically ranges from 5% to 15% of the charter fee.	I’m happy to break down everything for you and calculate the total estimated cost so there are no surprises.				
Stage 2 KO ŽE POZNA GOOLETS (že prejme ponudbo)									
Stage 2 KO ŽE POZNA GOOLETS (že prejme ponudbo)	Crew/guest ratio	We only work with yachts that provide a high level of service. Typically, you’ll have 1 crew member for every 2 to 4 guests or even better. This ensures an exceptional level of personalized attention.	The crew is highly experienced, especially the captains, who are responsible for hand-picking and training their teams. Most of these yachts have been operating for several years and, over time, have optimized their crew size to ensure the perfect balance between service and efficiency.	The crew is always available when you need them, but otherwise remains discreet, either in their quarters or handling their duties, giving you the ideal mix of attentive service and complete privacy throughout your charter.					
Stage 2 KO ŽE POZNA GOOLETS (že prejme ponudbo)									
Stage 2 KO ŽE POZNA GOOLETS (že prejme ponudbo)	Fleksibilnost pri datumu, tukaj sem naredil da so flexilibli in da niso 	We are flexible with dates: That’s great to hear. flexibility gives us more room to find the best yachts and potentially better deals. I can suggest 2–3 alternatives that might offer even more value or availability.	Vprašanje če so flexiblini: That said, flexibility is becoming increasingly limited, especially for larger-capacity yachts, which often get booked a year or two in advance. If you have specific dates in mind, I strongly recommend securing them early otherwise, options can disappear quickly.	If you're flexible, that’s a real advantage, but let’s narrow it down to the months that work best for you, so we can act quickly once the right opportunity appears.					
Stage 2 KO ŽE POZNA GOOLETS (že prejme ponudbo)									
Stage 2 KO ŽE POZNA GOOLETS (že prejme ponudbo)	Invalid / starejši	Thank you for sharing that. Guest safety and comfort are always our top priorities. We only suggest yachts that are well-suited for your needs, including: - Main deck cabins (no stairs) - Wider corridors - Support handles in key areas - Additional assistance from the crew, if required	We regularly host older guests on board, and the crew is always attentive. Helping with stairs, carrying luggage, and ensuring everyone feels safe and supported. The yachts we recommend are fully air-conditioned and offer plenty of shaded areas to relax comfortably throughout the day.	If there is a guest with reduced mobility or requiring a wheelchair, we would need a few more details to make sure we find the right yacht. While the crew is more than happy to assist, some yachts have narrow gangways (passarelles) or limited water access, which may require additional planning or support on our side.	Please feel free to share any specific needs or preferences and we’ll find the perfect match for your group.				
Stage 2 KO ŽE POZNA GOOLETS (že prejme ponudbo)									
Stage 2 KO ŽE POZNA GOOLETS (že prejme ponudbo)	Komplicirana ponudba	You’re not alone. Charter offers can feel overwhelming at first, and that’s exactly why we’re here.	Let’s go step by step. The offer is tailored to your specific requirements: the type of yacht, dates, destination, and other key details. Pricing depends on the season and structure (some include extras, others operate on APA).	I’d be happy to prepare a clear, all-inclusive breakdown if that makes things easier. I can also send you a simple one-page summary with what's included, pricing, and itinerary, something you can review in just a few minutes.	And if you'd prefer, we can also schedule a quick call to walk through everything together.				
Stage 2 KO ŽE POZNA GOOLETS (že prejme ponudbo)									
Stage 2 KO ŽE POZNA GOOLETS (že prejme ponudbo)	Letališča	That depends on your route, but generally speaking:	Split, Dubrovnik, Athens, Bodrum, Olbia, and Palma are the most common arrival points for our charters. We can also arrange private transfers or VIP terminal services to make your arrival seamless.	For example, in Croatia, most guests fly into either Split or Dubrovnik Airport, depending on the itinerary. Both have excellent international connections and are located close to the main embarkation ports.	Similarly, in Turkey, flights typically connect through Istanbul, with onward travel to either Bodrum-Milas Airport (for the Bodrum region) or Dalaman Airport (for Marmaris, Gocek, and Fethiye).	Once you land, our team can assist with organizing smooth transfers directly to your yacht or hotel, so your holiday starts stress-free.			
Stage 2 KO ŽE POZNA GOOLETS (že prejme ponudbo)									
Stage 2 KO ŽE POZNA GOOLETS (že prejme ponudbo)	Ne prejmemo ponudbe	I’m sorry to hear that! Sometimes emails land in the spam or promotions folder, so I’d recommend checking there just in case.	Your offer has already been prepared based on the details you provided. Yacht type, destination, dates, and number of guests. I’d be happy to resend it right away, either by email, WhatsApp, or as a simple PDF summary.	If you prefer, we can also schedule a quick call, and I’ll walk you through everything. Pricing, inclusions, and my personal recommendations. Would today or tomorrow work better for you?					
Stage 2 KO ŽE POZNA GOOLETS (že prejme ponudbo)									
Stage 2 KO ŽE POZNA GOOLETS (že prejme ponudbo)	Nismo še imeli jaht	That’s perfect. Your first charter is going to be unforgettable. As many of our clients say: “Once you try it, there’s no going back.”	We’ll pair you with an experienced crew, design an easy-going itinerary, and choose a yacht that’s perfect for first-time guests.	Want a better idea of what to expect? I can send you a short video that shows what a typical day on board looks like, from morning swims to sunset dinners.	Many of our clients are deciding between a villa and a yacht. The answer becomes clear once they imagine this: crystal-clear waters, hidden bays, a new destination every day, gourmet meals prepared on board, and a crew that takes care of absolutely everything.	Sounds like a dream? We’re here to make it your reality.			
Stage 2 KO ŽE POZNA GOOLETS (že prejme ponudbo)									
Stage 2 KO ŽE POZNA GOOLETS (že prejme ponudbo)	Odlašanje odločitve	That’s totally fair. This isn’t a small decision, and it’s important to feel confident about it.	That said, I do want to mention that top yachts for 2026, especially in June through August are booking out quickly, often more than a year in advance. Once a slot is gone, it’s usually very hard to get it back.	To give you time and peace of mind, I can place a 24–48 hour hold on your preferred yacht. There’s absolutely no obligation, but it protects the option while you finalize your plans.	In the meantime, may I ask is there anything specific holding you back? I’d be happy to help you move forward:	I can send over extra photos or walkthrough videos of each yacht	I can highlight the differences between the options you’re considering	Or we can simply schedule a short call today, if that makes things easier	And if pricing is part of the hesitation, I completely understand. While you’re deciding, I’ll speak directly with the owner to explore a possible discount. I’m confident I can negotiate better conditions for you.
Stage 2 KO ŽE POZNA GOOLETS (že prejme ponudbo)									
Stage 2 KO ŽE POZNA GOOLETS (že prejme ponudbo)	Prehitra prodaja	Understood. The pace is driven by demand. Top yachts can go in 48h.	We can hold a spot so you’re not under pressure but don’t lose it either.	Best to reserve now, decide later.	Or you can let me know when does it work for you to connect and secure the best vacation ever?				
Stage 2 KO ŽE POZNA GOOLETS (že prejme ponudbo)									
Stage 2 KO ŽE POZNA GOOLETS (že prejme ponudbo)	Prepočasna prodaja (almost impossible at Goolets) 	We can fast-track everything. Contract, food preferences, payment, all in 24h. Please let me know if you are missing anything, so we can move forward.	Let’s go step by step today, if you’re ready.						
Stage 2 KO ŽE POZNA GOOLETS (že prejme ponudbo)									
Stage 2 KO ŽE POZNA GOOLETS (že prejme ponudbo)	Res ste tako poceni?	No, we’re not cheap. We’re affordable, and that’s an important distinction. What we offer is high-value yachting, and in many ways, it’s a revolution in the world of superyacht charters.	Our yachts are designed to make the superyacht experience accessible to larger groups without compromising on luxury, service, or comfort. Here’s how we make it possible:	Many of our yachts have 10 to 18 cabins, making them ideal for bigger groups. Families, friends, or even corporate retreats. When you divide the cost among more people, the per-person price becomes significantly more reasonable.	These yachts are built in Croatia, where construction and maintenance costs are lower than in Western Europe. That reduction is passed on to you. Not by cutting corners, but by being smart with value.	Despite the more affordable pricing, the experience remains truly world-class: - Professional and attentive crew - Stunning itineraries through hidden bays and historic towns - Gourmet food - Jet skis, sea bobs, paddleboards, and countless water toys - Spacious decks, lounges, jacuzzis, and even cinemas on board in some cases	So no, we’re not cheap, we’re just breaking the idea that superyacht charters are only for billionaires.	Would you like me to show you an example of the cost breakdown per person for one of these yachts? It might surprise you. Iin a good way.	
Stage 2 KO ŽE POZNA GOOLETS (že prejme ponudbo)									
Stage 2 KO ŽE POZNA GOOLETS (že prejme ponudbo)	Reviews	Absolutely. We have a large collection of guest feedback. Written reviews, video testimonials, and verified ratings on platforms like Trustpilot, Trip Advisor and Google.	I’d be happy to share feedback from guests who booked the same yacht, or from groups similar to yours. Many of our clients leave personal messages in the guestbooks on board, and we also receive plenty of private messages after their trips. While some guests prefer to remain anonymous, they often share honest and detailed impressions, which I can forward to you.	If you’d prefer something more direct, I can even connect you with a few of our past clients who are open to sharing their experience.	We organize over 400 charters every year, and as the largest charter company in Croatia, we’ve gathered a wealth of genuine feedback. So. whatever you’re looking for, I’m confident I can provide it.	Just let me know what kind of reference would be most helpful for you.			
Stage 2 KO ŽE POZNA GOOLETS (že prejme ponudbo)									
Stage 2 KO ŽE POZNA GOOLETS (že prejme ponudbo)	Ste predragi	Let’s make sure we’re comparing the right way. If you have another offer in mind, feel free to share it. I’ll gladly walk you through the price difference. More often than not, the gap comes down to things like the age of the yacht, crew experience, onboard equipment, and service level. And in yachting, quality really does make a difference.	That said, if you compare our yachts in Croatia, especially those with larger capacity, to similar yachts elsewhere in the world, you’ll find they are actually incredibly affordable. Nowhere else can you charter a 10+ cabin yacht with this level of service, comfort, and modern design for such a price.	Even our 6-cabin yachts, which are ideal for families or smaller groups, offer exceptional value. Many of them are nearly brand new and come with top-tier amenities. Yet are still priced far more competitively than similar yachts in the Med or Caribbean.	Pricing is always based on demand, quality, and the specifications of each yacht. And just to give you a sense of how strong that demand is I can send you the booking calendar, which is already nearly full. I think that speaks for itself.	Let me know what you’re comparing us to, and I’ll gladly help you evaluate it objectively, because we want you to get the best experience for your investment.			
Stage 2 KO ŽE POZNA GOOLETS (že prejme ponudbo)									
Stage 2 KO ŽE POZNA GOOLETS (že prejme ponudbo)	V čem ste drugačni od drugih	That’s a great question. And an important one.	Most agents simply forward your inquiry to yacht owners and play the role of middleman. At Goolets, we take a completely different approach. We are fully involved in every step of the process, with a hands-on, service-driven mindset that sets us apart.	We personally inspect the yachts we work with, so we know exactly what we’re recommending. We manage our fleet in Croatia, and we have dedicated teams on the ground in Turkey and Greece, ensuring full control over logistics, guest experience, and last-minute needs. We attend all the Yachts shows worldwide, year after year.	We don’t just “book the boat”—we oversee every detail of your trip:	from itinerary planning and food preferences to special events on board and airport transfers. That’s why we consistently maintain a 97% guest satisfaction rate. Each client is assigned a personal concierge whole guides your threw the process.	We also invest heavily in content and transparency:	You'll find hundreds of videos, walk-throughs, guest reviews, guides, and itineraries across our website and social channels. Our goal is to educate and inspire, not just sell. And it’s working: we’re proud to have a very high rate of repeat clients and referrals, which speaks volumes about the trust our guests place in us.	If you're looking for someone who’s just going to email you a few options we’re probably not the right fit.
Stage 2 KO ŽE POZNA GOOLETS (že prejme ponudbo)									
Stage 2 KO ŽE POZNA GOOLETS (že prejme ponudbo)									
Stage 2 KO ŽE POZNA GOOLETS (že prejme ponudbo)									
Stage 2 KO ŽE POZNA GOOLETS (že prejme ponudbo)									
Stage 2 KO ŽE POZNA GOOLETS (že prejme ponudbo)									
Stage 2 KO ŽE POZNA GOOLETS (že prejme ponudbo)									
Stage 2 KO ŽE POZNA GOOLETS (že prejme ponudbo)									
Stage 2 KO ŽE POZNA GOOLETS (že prejme ponudbo)									
Stage 2 KO ŽE POZNA GOOLETS (že prejme ponudbo)	24/7 bar? Strežba	Seveda. Na večini jaht, ki smo jih predlagali, je strežba praktično ves čas na voljo – posadka je tam za vas, in njihova naloga je, da poskrbijo, da ne boste nikoli čakali na kozarec vina, koktajl ali kavo.	- Če želite, vam lahko tudi posebej poudarimo jahte, kjer imajo ločen barman/hostesso, ki je izključno zadolžen/a za pijačo in strežbo skozi cel dan – tudi pozno zvečer.	- Predlagaš jahte, ki to imajo oziroma se navežeš na partyjanje in poveš da so Freedom, Bella, Cristal in Ohana idealne.					
Stage 2 KO ŽE POZNA GOOLETS (že prejme ponudbo)									
Stage 2 KO ŽE POZNA GOOLETS (že prejme ponudbo)									
Stage 2 KO ŽE POZNA GOOLETS (že prejme ponudbo)									
Stage 2 KO ŽE POZNA GOOLETS (že prejme ponudbo)	Aktivnosti, kaj če on umre / ladja zruši / on zboli	- To je eden najpogostejših mitov o čarterju. Večina ljudi se pred prvo plovbo sprašuje isto – kaj bomo pa sploh delali? In potem so na koncu presenečeni, kako jim je teden prehitro minil.	- Na voljo imate vodne športe (SUP, seabob, jet ski...), dnevne izlete na otoke, večerna sidranja v zalivih, pokušine vin, kuharske delavnice, masaže, ali pa samo uživanje v tišini in razgledu. Vaš kapitan in posadka vsak dan prilagajata dan po vaših željah – od adrenalina do popolnega miru.	- Naša pogodba ima klavzulo, ki v primeru višje sile (npr. okvara ladje, nesreča lastnika) ščiti vas kot stranko.	- Goolets vedno poskusša vaš teden prodati in če prodamo, lahko teden prestavite leto vnaprej. Priporočamo tudi, da ob rezervaciji sklenete zavarovanje rizika odpovedi, kar dodatno zaščiti vašo investicijo.				
Stage 2 KO ŽE POZNA GOOLETS (že prejme ponudbo)									
Stage 2 KO ŽE POZNA GOOLETS (že prejme ponudbo)									
Stage 2 KO ŽE POZNA GOOLETS (že prejme ponudbo)									
Stage 2 KO ŽE POZNA GOOLETS (že prejme ponudbo)									
Stage 2 KO ŽE POZNA GOOLETS (že prejme ponudbo)	Firbec	Ne porabiti preveč časa	- Ne izpasti nespoštljiv	- Opcija 1: Postavi vljudno “qualification” vprašanje	- Opcija 2: "Soft closing" s povabilom na naslednji korak: "Če si želite bolj konkretno ponudbo (z razpoložljivostjo in točno ceno), mi samo potrdite termin, število oseb in kakšno jahto si predstavljate. Potem grem naprej z iskanjem."	- "Samo za razumevanje – pri nas ne gre za klasičen booking portal. Gre za zelo oseben proces, kjer iščemo jahto, posadko in izkušnjo, ki najbolj ustreza vaši skupini. Zato si želim razumeti malo več o vas, da lahko pošljem ustrezne možnosti."			
Stage 2 KO ŽE POZNA GOOLETS (že prejme ponudbo)									
Stage 2 KO ŽE POZNA GOOLETS (že prejme ponudbo)									
Stage 2 KO ŽE POZNA GOOLETS (že prejme ponudbo)									
Stage 2 KO ŽE POZNA GOOLETS (že prejme ponudbo)									
Stage 2 KO ŽE POZNA GOOLETS (že prejme ponudbo)									
Stage 2 KO ŽE POZNA GOOLETS (že prejme ponudbo)	Hrana na dolgi viskovi neumno in seven in tisoca	Če prav razumem, se vam zdi, da je hrana nekoliko dražja? Naj pojasnim, zakaj. Pri nas je kakovost hrane na izjemno visoki ravni – in to ni naključje. Imamo lastno lokalno ekipo (t. i. ground team), ki osebno poskrbi za izbor sestavin, nakupuje pri preverjenih lokalnih ponudnikih in zagotavlja, da je vse na najvišji ravni – od svežine do prezentacije. Imamo popoln nadzor nad kakovostjo, saj vemo, da je gastronomija eden ključnih elementov izkušnje na jahti. Zanimivo je, da se velik delež naših gostov vrača prav zaradi vrhunske kulinarične izkušnje. To ni le hrana – je del potovanja, ki ga gostje dolgo pomnijo.							
Stage 2 KO ŽE POZNA GOOLETS (že prejme ponudbo)									
Stage 2 KO ŽE POZNA GOOLETS (že prejme ponudbo)	Pomankanja znanja prodajalcev	Pomanjkanje znanja se lahko izrazi kot:	prodajalec ne zna razložiti razlike med dvema jahtama (razen »ta je dražja«)	- ne zna argumentirati višje cene	- ne pozna razlik v destinacijah	- ne zna odgovoriti na vprašanja o APA, transferjih, kuharju, dejavnostih itd.	- zveni kot »prepošiljevalec ponudb«, ne pa svetovalec	Poudari strokovnost in zaledje ekipe (če si ti strokovnjak, pa še posebej): Razumem, da vas zanima, kaj dejansko dobite za svoj denar – in točno zato je pomembno, da delate z nekom, ki te ladje pozna tudi od znotraj. Mi ne preprodajamo le ponudb z interneta – mi osebno poznamo kapitana, posadko, jedilnik, celo širino postelje v master kabini. Pomagali bomo tudi pri vseh stvareh, ki jih “klasični prodajalci” ne pokrivajo: transferji, prehrana, rojstnodnevna presenečenja, aktivnosti za otroke… celoten “behind the scenes”. --> Rešitev, če prodajalcem dejansko primanjkuje znanja: Izobraževanja, službene poti na destinacijo, inšpekcija ladij, pregled rut ipd.	
Stage 2 KO ŽE POZNA GOOLETS (že prejme ponudbo)									
Stage 2 KO ŽE POZNA GOOLETS (že prejme ponudbo)	Prejmemo prvo ponudbo	Če si želiš odgovor oziroma tekst za situacijo, ko stranka prejme prvo (proto) ponudbo, potem je to kritična točka, kjer se odločajo, ali bodo nadaljevali v smer rezervacije — ali pa izginili v tišino.	Zato moraš s to komunikacijo: - odpreti pogovor, ne pustiti da ostane “mrtva priponka” - poudariti vrednost, ne samo ceno - vprašati ključne stvari, da vodiš pogajanja	V tem trenutku je ključno, da čim prej rezerviramo vašo idealno jahto, saj najboljše možnosti hitro izginjajo – posebej za vaš termin.	Če mi sporočite vašo favoritko ali dvome, lahko gremo hitro naprej v pogajanja in rezervacijo.				
Stage 2 KO ŽE POZNA GOOLETS (že prejme ponudbo)									
Stage 2 KO ŽE POZNA GOOLETS (že prejme ponudbo)	Premladi brokerji	Razumem, da morda delujem mlajši od povprečja v tej industriji – in iskreno, to mi daje dodatno motivacijo. Pri Goolets delamo timsko, kar pomeni, da imam v ozadju podporo strokovnjakov z več kot 15+ leti izkušenj. Sam osebno sem bil na [X] ladjah, sem v dnevnem stiku z lastniki, posadkami in kapetani – in vsaka ponudba, ki jo pošljem, temelji na preverjenih informacijah iz prve roke. Poleg tega sem stoodstotno predan vsaki stranki  – ker vem, da vsak dober posel pomeni novo priložnost za rast in zaupanje. V tem trenutku sem tukaj izključno za vas.	Če si mlajši imaš več energije, želje po učenju in izboljševanju kar se običajno dobro odraža v prodaji. Pomemben je tudi aspekt časa. Opažam, da če si hiter in strokoven, nikoli nihče ne podvomi v tvojo starost.						
Stage 2 KO ŽE POZNA GOOLETS (že prejme ponudbo)									
Stage 2 KO ŽE POZNA GOOLETS (že prejme ponudbo)	Vse ladje so neke (pomojm si mislil vse ladje so iste)	Ponovno pomemben aspekt znanja prodajalca, poznavanje produkta in osnov prodaje. Vprašaš tudi grupo kaj si oni želijo in jih povežeš z najbolj optimalno jahto. Ampak tukaj pride razlika med “ladjo” in “izkušnjo na ladji”.	Če mi dovolite: vam v minuti razložim razliko med dvema ladjama, ki imata enako ceno in enake dimenzije – ampak povsem drugačno energijo.						
Stage 2 KO ŽE POZNA GOOLETS (že prejme ponudbo)									
Stage 2 KO ŽE POZNA GOOLETS (že prejme ponudbo)	Zakaj ne preko Edmistona	Smo centrali agent, poznamo vse ladje v detajle in govorimo Hrvaško kar olajša komunikacijo s posadkami in kapitan.	Veliko bolje poznavamo produkt in destinacijo in na koncu mora Edmiston bukirati preko nas.	Oni delajo na volumnu, pri nas nisi le številka temveč se vam individualno posvetimo. Smo tudi veliko hitrejši in prodorni.					
Stage 2 KO ŽE POZNA GOOLETS (že prejme ponudbo)									
Stage 2 KO ŽE POZNA GOOLETS (že prejme ponudbo)	Zavarovanja na splošno	Z naše strani vedno aktivno poskušamo prodati njihov teden naprej, če pride do odpovedi. V večini primerov nam to tudi uspe, kar gostom omogoča, da svoj termin brez večjih izgub prestavijo – običajno za eno do dve leti vnaprej. To jim daje dodatno mero fleksibilnosti, kar številne pomiri, saj vedo, da imajo možnost spremembe tudi v primeru nepredvidenih okoliščin. Če želijo dodatno varnost, lahko razmislijo tudi o dodatnem potovalnem zavarovanju, ki krije višje sile ali druge osebne razloge za odpoved. Z veseljem jim svetujemo glede možnosti, ki so na voljo.							
Stage 2 KO ŽE POZNA GOOLETS (že prejme ponudbo)									
Stage 2 KO ŽE POZNA GOOLETS (že prejme ponudbo)	Ali bo ladja sploh tam?	Rezervacija je potrjena šele po vplačilu akontacije.	Sodelujemo le z zaupanja vrednimi partnerji in preverjenimi bazami.	Gostom posredujemo kontakt lokalne baze ali kapitana za potrditev.	Pred vkrcanjem potrdimo točno lokacijo in ime ladje.	Smo agencija z dolgoletno tradicijo	Pokažemo reviewve prejšnjih gostov		
Stage 2 KO ŽE POZNA GOOLETS (že prejme ponudbo)									
Stage 2 KO ŽE POZNA GOOLETS (že prejme ponudbo)	Ali boste prisluhnili mojim željam?	Prilagodimo itinerarij, hrano in aktivnosti glede na želje gostov.	Pred potovanjem pripravimo seznam želja, ki ga dobi kapitan.	Redno komuniciramo z gosti za potrditev in uskladitev podrobnosti.	Zagotavljamo najboljši customer support – Dobite celo osebnega Concierga ki skrbi za vse podrobnosti pred vašim čarterjem				
Stage 2 KO ŽE POZNA GOOLETS (že prejme ponudbo)									
Stage 2 KO ŽE POZNA GOOLETS (že prejme ponudbo)	Ali lahko pripeljemo psa?	Preverimo jahte, ki sprejemajo hišne ljubljenčke.	Obvestimo posadko o prisotnosti psa vnaprej.	Priporočamo, da gost navede velikost psa za optimalno izbiro jahte.	Po potrebi uredimo dodatno čiščenje.				
Stage 2 KO ŽE POZNA GOOLETS (že prejme ponudbo)									
Stage 2 KO ŽE POZNA GOOLETS (že prejme ponudbo)	Bo dolgočasno / se bomo sprli?	Program prilagodimo glede na interese skupine (šport, izleti, počitek).	Po želji vključimo dodatne aktivnosti, vodiče ali športno opremo.	Skupaj oblikujemo uravnotežen dnevni režim za zadovoljstvo vseh.	Prisluhnemo kakšna skupina ste in na podlagi tega povemo kaj vse se lahko uredi				
Stage 2 KO ŽE POZNA GOOLETS (že prejme ponudbo)									
Stage 2 KO ŽE POZNA GOOLETS (že prejme ponudbo)	Bo kdo kontakt na destinaciji?	Na voljo je moj kontakt, vaš osebni Concierge, kapitan in Chief Stew. V nobenem	primeru ne boste dobili občutka da ste sami.	Naša služba za podporo je vedno dosegljiva	Sodelujemo z zanesljivimi lokalnimi operaterji				
Stage 2 KO ŽE POZNA GOOLETS (že prejme ponudbo)									
Stage 2 KO ŽE POZNA GOOLETS (že prejme ponudbo)	Dodatni vodiči, šport, izleti, potapljanja?	Organiziramo dodatne vodiče in aktivnosti na zahtevo.	Predložimo seznam ponudnikov in cenik za dodatne storitve.	Zagotovimo opremo za šport in potapljanje po dogovoru.					
Stage 2 KO ŽE POZNA GOOLETS (že prejme ponudbo)									
Stage 2 KO ŽE POZNA GOOLETS (že prejme ponudbo)	Polni penzion? Polpenzion?	Na voljo so različne možnosti prehrane, vključno s polnim in polpenzionom.	Pomagamo pri načrtovanju in naročilu živil glede na prehranske potrebe.	Gostje izpolnijo prehranske preference za natančno pripravo.	Meni popolnoma prilagodimo vsaki skupini glede na preference				
Stage 2 KO ŽE POZNA GOOLETS (že prejme ponudbo)									
Stage 2 KO ŽE POZNA GOOLETS (že prejme ponudbo)	Ali posadka govori angleško?	Vse posadke govorijo angleščino.	Po potrebi zagotovimo posadko z drugimi jezikovnimi znanji (italijansko, nemško itd.).	Posadka je profesionalna in usposobljena za mednarodne goste.					
Stage 2 KO ŽE POZNA GOOLETS (že prejme ponudbo)									
Stage 2 KO ŽE POZNA GOOLETS (že prejme ponudbo)	Kaj če ni tako kot na slikah?	Pošljemo aktualne in preverjene fotografije natančno določene jahte.	V pogodbi so jasno navedeni model, letnik in oprema jahte.	V primeru tehničnih težav zagotovimo enakovredno ali boljšo zamenjavo.	Sodelujemo z lastniki, ki so preverjeni, sodelujemo z njimi dlje časa in vse ladje osebno preverjamo.				
Stage 2 KO ŽE POZNA GOOLETS (že prejme ponudbo)									
Stage 2 KO ŽE POZNA GOOLETS (že prejme ponudbo)	Košer?	Na voljo so jahte s preizkušenimi kapitanom in posadko za košer prehrano.	Vsako leto organiziramo številne košer skupine in poznamo najboljše možnosti.	Uporabljamo certificirane sestavine in zagotavljamo skladnost s košer standardi.	Po potrebi sodelujemo z vašim rabinom ali zunanjimi kuharji.				
Stage 2 KO ŽE POZNA GOOLETS (že prejme ponudbo)									
Stage 2 KO ŽE POZNA GOOLETS (že prejme ponudbo)	Pralnica?	Na jahti so na voljo storitve pranja perila za goste.	Posadka obvesti o stroških in omejitvah glede količine perila.	Jahta skrbi tudi za lastne brisače in posteljnino.	V nekaterih marinah je možna dodatna pralnica				
Stage 2 KO ŽE POZNA GOOLETS (že prejme ponudbo)									
Stage 2 KO ŽE POZNA GOOLETS (že prejme ponudbo)	Ne zberemo dovolj ljudi.	Imamo jahte različnih velikosti za manjše in večje skupine.	Izberemo manjšo jahto, če je skupina manjša, za bolj prilagojeno izkušnjo.	Zasebna plovba v manjšem krogu je bolj intimna in fleksibilna.	Vedno najdemo rešitev, ki ustreza vašim potrebam				
Stage 2 KO ŽE POZNA GOOLETS (že prejme ponudbo)									
Stage 2 KO ŽE POZNA GOOLETS (že prejme ponudbo)	Party grupe.	Za družine in mirne goste predlagamo destinacije in jahte brez glasnih žurov.	Za skupine, ki želijo zabavo, poiščemo jahte in lokacije primerne za party.	Prilagodimo program in destinacije glede na energijo skupine.	Uredimo tematkse večere	Uredimo živo glasbo			
Stage 2 KO ŽE POZNA GOOLETS (že prejme ponudbo)									
Stage 2 KO ŽE POZNA GOOLETS (že prejme ponudbo)	Skrb za majhne otroke / ženo.	Organiziramo zaščitne mreže in otrokom prijazne programe na jahti.	Po potrebi uredimo varuško ali dodatno pomoč.	Kapitan in posadka imajo izkušnje z otroki in zagotavljajo varno okolje.	Letno imamo veliko število družin tako, da tako znamo priporočit pravo ladjo				
Stage 2 KO ŽE POZNA GOOLETS (že prejme ponudbo)									
Stage 2 KO ŽE POZNA GOOLETS (že prejme ponudbo)	Skriti stroški / APA / paketi?	Vse stroške jasno predstavimo pred rezervacijo.	APA (advance provisioning allowance) pojasnimo in vključimo v ponudbo.	Možnost izbire paketa “vse vključeno” za brezskrben odmor.	Na voljo smo za pojasnila vseh postavk in dodatkov.				
Stage 2 KO ŽE POZNA GOOLETS (že prejme ponudbo)									
Stage 2 KO ŽE POZNA GOOLETS (že prejme ponudbo)	Cancelation policy	Popolnoma ste zaščiteni v primeru, da lastnik odpove rezervacijo (kar se sicer skoraj nikoli ne zgodi) v tem primeru poiščemo nadomestno plovilo ali pa vam vrnemo vplačano aro skupaj z dodatnimi penalizacijami. V primeru odpovedi s strani lastnika ste torej v celoti zaščiteni.	Če pa rezervacijo odpoveste vi, se depozit izgubi. Kljub temu običajno termin znova ponudimo na trgu in če uspemo termin prodati naprej, lahko v določenih primerih ponudimo prestavitev rezervacije, tako da ne izgubite depozita.	Politika odpovedi je opredeljena tudi v MYBA pogodbi, prosim, preverite člene 9 in 11. Gre za standardno industrijsko prakso, in pogodba vas v vseh točkah v celoti ščiti.	Naj dodam, da nismo povezani z nobeno zavarovalnico, vendar vam vseeno priporočam, da sklenete dodatno potovalno zavarovanje, da boste v celoti kriti, če bi se vam v tem času kaj zgodilo. Na primer, priporočamo IMG GLOBAL: https://www.imglobal.com/ ali HdB: http://www.hdbonline.it/en/.				
Stage 2 KO ŽE POZNA GOOLETS (že prejme ponudbo)									
Stage 2 KO ŽE POZNA GOOLETS (že prejme ponudbo)	Is this yacht for me?	Glede na oceno profila, ocenim njegove/njene znacilnosti	Z vprasanji izvem cimvec (kakšna je skupina, družina, pirjatelji, mlajši, starejši itd)	Na podlagi tega mu povem da je ta jahta direktno zanj in njegovo skupino	Vključim posebnosti jahte, ki so v povezavi z željami	Podam ocene prejšnjih podobnih skupin (recimo družinskih, z malimi otroci)	V primeru nestrinjanja, ponudim alternative		
Stage 2 KO ŽE POZNA GOOLETS (že prejme ponudbo)									
Stage 2 KO ŽE POZNA GOOLETS (že prejme ponudbo)	Marketing/ ponudba kontradiktornost	Nekatere strani nimajo posodobljenih podatkov ( v primeru kontradiktornosti z drugimi stranmi)	Mi sodelujemo direktno z ladjarji, in so naše informacije popolnoma zanesljive	Celoten team skrbi za posodobitve informacij	Vedno smo na voljo brokerji, ki lahko pojasnimo objave in stranke dobijo informacije iz prve roke				
Stage 2 KO ŽE POZNA GOOLETS (že prejme ponudbo)									
Stage 2 KO ŽE POZNA GOOLETS (že prejme ponudbo)	Owner na ladji?	Predstavimo kot prednost, ne slabost	Osebno poznanstvo	Zagotavlja večjo varnost	Lastniki/Kapitani so izjemno izkušeni, poznajo svojo ladjo bolj kot kdor koli drug	V primeru kakšnih spremeb, je njegova odličitev zanesljiva in hitra	Spoznajo lahko zgodovino in zgodbo ladje, ker so ponavadi družinski posel	Avtoriteta in red glede posadke 	
Stage 2 KO ŽE POZNA GOOLETS (že prejme ponudbo)									
Stage 2 KO ŽE POZNA GOOLETS (že prejme ponudbo)	Zakaj ni chief stew	Ker je ostala posadka dovolj izkušena in ima stvari pod kontrolo	Ker izbirajo samo resne, izkušene in vrhunske osebe in je trenutno niso našli	Posadka odlično komunicira, jih je dovolj za brezhibno postrežbo	Prevzame odgovorst lastnik/kapitan	Poudarek na delu, ne na nazivih posadke	Odzivi strank, ki so bile zelo zadovoljne s posadko	Posadka se konstantno izobražuje, tudi mi skrbimo za to	
Stage 2 KO ŽE POZNA GOOLETS (že prejme ponudbo)									
Stage 2 KO ŽE POZNA GOOLETS (že prejme ponudbo)	Vreme in varnost na morju?	Upoštevanje in spremljanje napovedi v prihodnosti iz kapitanove strani	Zelo izkušena posadka v vseh razmerah	Jahte so opremljene z rešilnimi jopiči	V času neviht so jahte v zaščitenih marinah in ne plujejo				
Stage 2 KO ŽE POZNA GOOLETS (že prejme ponudbo)									
Stage 2 KO ŽE POZNA GOOLETS (že prejme ponudbo)	Vi ste v Sloveniji	Več kot 20 let na trgu	Bližjina Hrvaške	Med sezono smo konstantno prisotni na Hrvaškem kjer imamo tudi del ekipe	Tudi v Turčiji imamo team	Zelo hitro rastoči, prodorni zaposleni z izjemnimi vezmi na mnogih lokacijah			
Stage 2 KO ŽE POZNA GOOLETS (že prejme ponudbo)									
Stage 2 KO ŽE POZNA GOOLETS (že prejme ponudbo)	Nejasen marketing	Vedno dostopni brokerji, ki strankam lahko pojasnimo in razložimo vse	Kontakti napisani na vseh straneh za takojšen stik z brokerjem	Trudimo se biti čim bolj preprosti in iskreni, prikazati realnost	Smo zelo iskreni, direktni, ne skrivamo dodatnih stroškov na ladji				
Stage 2 KO ŽE POZNA GOOLETS (že prejme ponudbo)									
Stage 2 KO ŽE POZNA GOOLETS (že prejme ponudbo)	Navajeni na svojega brokerja da bukira	Razlaga da starega brokerja na žalost ni več	Čast da smo lahko njihov nov kontakt	Učenje od njihovega starega brokerja	Priprava o vseh informacijah, ki jih je stranka delila s starim brokerjem	Mentorstvo starega brokerja			
Stage 2 KO ŽE POZNA GOOLETS (že prejme ponudbo)									
Stage 2 KO ŽE POZNA GOOLETS (že prejme ponudbo)	Koliko hrana za take cene bi dobil drugje	Ker so sestavine precizno izbrane, samo sveže, lokalne	V Turčiji imamo team, ki skrbi za nabavo le najboljših sestavin	Izbor in nakup narejen personalizirano glede na vašo preference listo	Upoštevanje alergij, intoleranc	Navedemo izkušnje chefov	Odzivi zadovoljnih strank glede kulinarične izkušnje		
Stage 2 KO ŽE POZNA GOOLETS (že prejme ponudbo)									
Stage 2 KO ŽE POZNA GOOLETS (že prejme ponudbo)	Najem dodatne posadke	Je mogoče	Ne priporočamo, saj je posadka ves čas ena in ista	Pozna teren, navajena je jahte, ima izkušnje	Imamo dovolj članov posadke, razporejeno delo in vrjamemo, da bodo poskrbeli za vas in vaše želje				
Stage 3 TIK PRED BOOKINGOM	A poznaš ladjo, si bil gor  (odvisno od ladje ki jo ponujaš)	Yes. We know this yacht very well, and in many cases, we also have a direct relationship with the owner or captain.	Our team regularly inspects yachts in person at international yacht shows and directly in each destination. We visit the yachts ourselves, attend familiarization trips, and even create content on board, so we don’t just know them from brochures, but from real experience.	I can share first-hand photos, videos, or guest feedback, and if you'd like, I can even connect you directly with the captain or the owner for a more personal insight.	When we recommend a yacht, it’s because we truly know what you’re getting and we stand behind the experience.				
Stage 3 TIK PRED BOOKINGOM									
Stage 3 TIK PRED BOOKINGOM	AMEX Credit Card payments	Unfortunately, you can no longer pay with American Express in Europe. Due to EU regulatory changes (specifically the EU Payments Package), AMEX has exited the EU licensing market and all existing partnerships have been terminated. You can check more: https://www.goolets.net/blog/american-express-eu	But don’t worry.You still have smooth and secure options. We accept wire transfers (commonly used for charters) and also cryptocurrency, if that’s more convenient. From credit cards, you can use VISA or Master Card.	If you'd like, I can help you with any additional details about the transfer or crypto payment process. Just let me know your preference.					
Stage 3 TIK PRED BOOKINGOM									
Stage 3 TIK PRED BOOKINGOM	Extra payments problems, VAT, hrana, cash	Everything is clearly outlined in the contract. No hidden costs. VAT is always included or clearly stated if it applies separately. Food and drinks are covered through the APA (Advance Provisioning Allowance) system or fixed packages, depending on the yacht. You can pay packages either in cash on board (preferred options for most of the clients) or over wire transfer.	In some cases, owners request that part of the APA be paid in cash on arrival—this is normal industry practice and we’ll inform you in advance so there are no surprises.	If you'd like, I can send you a sample cost breakdown, so you have a transparent overview of what to expect.					
Stage 3 TIK PRED BOOKINGOM									
Stage 3 TIK PRED BOOKINGOM	Referrals starih strank	Yes, many. We’ve worked with hundreds of satisfied clients, and I’d be happy to share authentic feedback, both public and private.	Some clients prefer to stay anonymous, but I have plenty of handwritten notes, personal messages, and emails with honest impressions.	If you’d like, I can even connect you with someone who has chartered the same yacht or a similar experience.	We’ve built long-term relationships with our guests and many return year after year, which says more than any review ever could.				
Stage 3 TIK PRED BOOKINGOM									
Stage 3 TIK PRED BOOKINGOM	Ste res vi v kontaktu z ownerjem	Yes. We work directly with yacht owners, central agents, or captains, depending on the case. There’s no chain of middlemen. You’re working with a team that communicates firsthand with the people managing or owning the yacht.	In fact, in many cases, we’ve personally met the owners, visited the yachts ourselves, and have long-standing relationships with the crew.	If needed, I can put you in touch with the captain or owner for specific questions or extra reassurance.	Not to forget, owners signature is required before the contract is completed and we are obligated by that.				
Stage 3 TIK PRED BOOKINGOM									
Stage 3 TIK PRED BOOKINGOM	Ali je on res final decisier	Lahko sam oceniš na podlagi naslednjih znakov: - Ali uporablja izraze kot »moram še preveriti s partnerjem / ženo / ekipo«? - Ali že postavlja konkretna vprašanja glede cene, pogodbe, roka plačila? - Ali proaktivno predlaga naslednje korake (npr. “pošljite mi pogodbo”)? - Je oseba bila tista, ki je začela povpraševanje ali je posrednik? Sicer pa vprašaš, kako se ponudba zdi preostali grupi. Ali plačajo vsak zase ali plača vse on ipd.							
Stage 3 TIK PRED BOOKINGOM									
Stage 3 TIK PRED BOOKINGOM	Garancija, force majeure, ni scam etc.	We are the biggest and most successful company in the area and have most of the best Croatian yachts in our Central Agency. We are present at MYBA events, yacht shows, and we are also members. Its an organization that's a golden pillar in the yacht industry. We are also members of CYBA (Charter Yacht Brokers Association, International), TYBA (Turkish association), and CROYA (Croatian Yachting Association), so we are basically present everywhere in the industry. Each year we visit various yacht shows all over the world, such as MEDYS (Mediterranean yacht show), TYBA (Turkish), EMMYS (Poros Yacht Show), MYBA (San Remo Yacht Show) and we are also travelling again to  Cannes and Monaco yacht show in September, later on to Fort Lauderdale and at the end of the year to Antigua.	Some credibility info: CNN: https://edition.cnn.com/travel/article/superyacht-savings-croatia/index.html The Mirror: https://www.mirror.co.uk/travel/news/luxury-superyacht-opens-affordable- holidays-27723942 Daily Star: https://www.dailystar.co.uk/travel/travel-news/luxury-superyacht-opens- affordable-holidays-27727709 Forbes: https://www.forbes.com/advisor/travel-insurance/yacht-charters/ Daily Mail: https://www.dailymail.co.uk/travel/travel_news/article- 11047017/Superyacht-chief-stewardess-lifts-lid-real-Deck-world.html https://wickedgoodtraveltips.com/2024/04/19/croatia-yacht-charters-your-ultimate- guide-to-sailing-in-the-mediterranean/ https://thejetset.com/the-show/segments/destinations/traveling-croatia-with-goolets/ https://familytravelck.com/blog/whats-superyachting-luxury-cruising-with- goolets/#google_vignette https://www.justluxe.com/lifestyle/luxury-yachts/feature-1976728.php https://www.jetsetmag.com/travel/yachts/a-private-cruise-through-the-croatian- adriatics-shades-of-blue/ https://www.forbes.com/sites/rachelingram/2023/08/06/the-slovenian-company- offering-a-superyacht-experience-for-less/ https://www.mby.com/video/cruising-croatia-on-a-160ft-stunner-e100000p-w- superyacht-charter-127780 https://forbes.es/nautik/322325/ohana-el-charter-economico-de-lujo-al-que-no-le- falta-detalle-y-que-tiene-capacidad-para-30-invitados/ and hundreds more...... TripAdvisor: https://www.tripadvisor.com/Attraction_Review-g295370-d26542069- Reviews-Goolets_Yachts-Split_Split_Dalmatia_County_Dalmatia.html FEEFO: https://www.feefo.com/en- GB/reviews/goolets?displayFeedbackType=SERVICE&amp;timeFrame=YEAR Google reviews: https://www.google.com/search?sca_esv=ac60e713747e51d1&amp;tbm=lcl&amp;q=G oolets+Ltd.+Reviews&amp;rflfq=1&amp;num=20&amp;stick=H4sIAAAAAAAAAONgkxIxNDQ3sLQw NzU1NDYwMzMyNzM0MNzAyPiKUcQ9Pz8ntaRYwackRU8hKLUsM7W8eBErVmEA EZSOFUkAAAA&amp;rldimm=11709875513066276101&amp;hl=en- SI&amp;sa=X&amp;ved=2ahUKEwic6KvHrYiOAxUTywIHHdCEDCUQ9fQKegQIXRAF&amp;biw=25 60&amp;bih=1271&amp;dpr=1#lkt=LocalPoiReviews	Potem pa še pojasnilo, kaj pomenijo vsi členi in morda kaksni youtube materiali etc.					
Stage 3 TIK PRED BOOKINGOM									
Stage 3 TIK PRED BOOKINGOM	APA gre na drug račun (ne na račun agencije)	Gostje plačajo najem jahte neposredno na naš račun (Goolets), saj z njimi sklepamo pogodbo.	APA (Advance Provisioning Allowance) pa se nakazuje neposredno ladjarju, ker je to znesek, ki se porabi za operativne stroške (gorivo, hrana, marine ipd.) in mora biti na voljo neposredno kapetanu.	Transkacija je popolnoma varna – vse transakcije so dokumentirane in zavarovane s pogodbo.	Gost prejme natančne informacije o prejemniku, pogojih in nadzoru nad porabo sredstev. Na koncu plovbe se dobi tudi poročilo o dejanski porabi.				
Stage 3 TIK PRED BOOKINGOM									
Stage 3 TIK PRED BOOKINGOM	Je to legit? Kam gre denar?	Goolets deluje že od leta 2005 in smo ena izmed vodilnih charter agencij za luksuzne jahte v Evropi in po svetu.	Smo registrirano podjetje v Sloveniji (EU), podvrženi finančnemu nadzoru, DDV zakonodaji in strogi regulativi.	Naš portfelj vključuje veliko število preverjenih ladij in vsako leto imamo več sto strank iz celega sveta.	Denar gre izključno za najem ladje, vnaprej znane stroške in dogovorjene storitve – vse podprto s pogodbo.	Po želji posredujemo reference, pravne dokumente, medijske objave in poslovne certifikate kot dokaz o naši zanesljivosti.	Lahko uredimo tudi kontakt stranke ki je v preteklosti že potovala z nami		
Stage 3 TIK PRED BOOKINGOM									
Stage 3 TIK PRED BOOKINGOM	Jezikovna ovira / raje imam "svojega" brokerja	Popolnoma razumemo – pomembno je, da se gost počuti udobno v komunikaciji.	V naši ekipi imamo govorce več jezikov,	Če želite, vas lahko povežemo z osebo iz naše ekipe, ki govori vaš jezik in vas vodi skozi celoten proces.	Če pa že imate zaupanja vrednega posrednika, smo pripravljeni sodelovati z njim in skupaj zagotoviti najboljšo izkušnjo.	Vedno zagotovimo, da bo ptenos informacij predan na razumljiv način			
Stage 3 TIK PRED BOOKINGOM									
Stage 3 TIK PRED BOOKINGOM	A je to res to? kraj, ladja, destinacija, vi?	Osebna predstavitev, telefonski klic, zoom, face time	Pošljemo objave v medijih – CNN	Odzive strank	Meeting v pisarni, da lahko vidijo naš team in pisarne	Predstavitev lastnika, kratek telefonski klic	Facetime z lastnikom na ladji		
Stage 3 TIK PRED BOOKINGOM									
Stage 3 TIK PRED BOOKINGOM	Ali je res final decisier	Iz konteksta probamo razbrati ali je oseba leader grupe	Če ni prosimo za kontakt, predlagamo skupen sestanek	Podajamo informacije, maile, ki jih lahko deli z leaderjem					
Stage 3 TIK PRED BOOKINGOM									
Stage 3 TIK PRED BOOKINGOM	Cancelation policy	Popolnoma ste zaščiteni v primeru, da lastnik odpove rezervacijo (kar se sicer skoraj nikoli ne zgodi) v tem primeru poiščemo nadomestno plovilo ali pa vam vrnemo vplačano aro skupaj z dodatnimi penalizacijami. V primeru odpovedi s strani lastnika ste torej v celoti zaščiteni.	Če pa rezervacijo odpoveste vi, se depozit izgubi. Kljub temu običajno termin znova ponudimo na trgu in če uspemo termin prodati naprej, lahko v določenih primerih ponudimo prestavitev rezervacije, tako da ne izgubite depozita.	Politika odpovedi je opredeljena tudi v MYBA pogodbi, prosim, preverite člene 9 in 11. Gre za standardno industrijsko prakso, in pogodba vas v vseh točkah v celoti ščiti.	Naj dodam, da nismo povezani z nobeno zavarovalnico, vendar vam vseeno priporočam, da sklenete dodatno potovalno zavarovanje, da boste v celoti kriti, če bi se vam v tem času kaj zgodilo. Na primer, priporočamo IMG GLOBAL: https://www.imglobal.com/ ali HdB: http://www.hdbonline.it/en/.				
Stage 3 TIK PRED BOOKINGOM									
Stage 3 TIK PRED BOOKINGOM	Razpad dela grupe, objections	Povemo da cena ostane ista, tudi če je manj ljudi	Imajo več prostora, boljši service	Predlagamo vključitev drugih prijateljev/družine	Organiziramo skupni zoom z ostalimi in razložimo možnosti				
Stage 3 TIK PRED BOOKINGOM									
Stage 3 TIK PRED BOOKINGOM	Struggling with dates, dopust, lease/le	Povemo da so naše jahte zelo hitro bukirane, naj ne čakajo predolgo	Tudi če si premislijo, vedno skušamo prodati njihov teden in iščemo nov termin za njih	Predlagamo sestanek s celotno skupino	Za eno leto naprej, ponujamo boljše plačilne pogoje				